{"cameraMode":{"drawMode":0,"name":"Shaded","section":"Shading Mode"},"sceneLighting":true,"audioPlay":false,"sceneViewState":{"showFog":true,"showMaterialUpdate":false,"showSkybox":true,"showFlares":true,"showImageEffects":true,"showParticleSystems":true},"in2DMode":false,"pivot":{"x":-142.74832153320313,"y":-424.28515625,"z":82.3062744140625},"rotation":{"x":0.01609317772090435,"y":-0.9193903803825378,"z":0.3912171721458435,"w":0.037813179194927219},"size":1543.191650390625,"orthographic":false}